tconst,primaryTitle,numVotes,movieId,imdbId,tmdbId
tt0111161,The Shawshank Redemption,2974165,318,tt0111161,278.0
tt0468569,The Dark Knight,2955094,58559,tt0468569,155.0
tt1375666,Inception,2622502,79132,tt1375666,27205.0
tt0137523,Fight Club,2403858,2959,tt0137523,550.0
tt0109830,Forrest Gump,2327063,356,tt0109830,13.0
tt0110912,Pulp Fiction,2282916,296,tt0110912,680.0
tt0816692,Interstellar,2218522,109487,tt0816692,157336.0
tt0133093,The Matrix,2110514,2571,tt0133093,603.0
tt0068646,The Godfather,2074630,858,tt0068646,238.0
tt0120737,The Lord of the Rings: The Fellowship of the Ring,2065053,4993,tt0120737,120.0
tt0167260,The Lord of the Rings: The Return of the King,2035405,7153,tt0167260,122.0
tt1345836,The Dark Knight Rises,1877137,91529,tt1345836,49026.0
tt0114369,Se7en,1859237,47,tt0114369,807.0
tt0167261,The Lord of the Rings: The Two Towers,1835357,5952,tt0167261,121.0
tt1853728,Django Unchained,1747564,99114,tt1853728,68718.0
tt0172495,Gladiator,1698445,3578,tt0172495,98.0
tt0993846,The Wolf of Wall Street,1640236,106782,tt0993846,106646.0
tt0361748,Inglourious Basterds,1636063,68157,tt0361748,16869.0
tt0372784,Batman Begins,1617216,33794,tt0372784,272.0
tt0102926,The Silence of the Lambs,1597538,593,tt0102926,274.0
tt7286456,Joker,1566318,204698,tt7286456,475557.0
tt0120815,Saving Private Ryan,1537786,2028,tt0120815,857.0
tt1130884,Shutter Island,1509438,74458,tt1130884,11324.0
tt0108052,Schindler's List,1490903,527,tt0108052,424.0
tt0848228,The Avengers,1486364,89745,tt0848228,24428.0
tt0076759,Star Wars: Episode IV - A New Hope,1482999,260,tt0076759,11.0
tt0482571,The Prestige,1481712,48780,tt0482571,1124.0
tt0407887,The Departed,1457962,48516,tt0407887,1422.0
tt0120689,The Green Mile,1450740,3147,tt0120689,497.0
tt0080684,Star Wars: Episode V - The Empire Strikes Back,1414041,1196,tt0080684,1891.0
tt0499549,Avatar,1411534,72998,tt0499549,19995.0
tt0071562,The Godfather Part II,1400141,1221,tt0071562,240.0
tt0209144,Memento,1353698,4226,tt0209144,77.0
tt0088763,Back to the Future,1347340,1270,tt0088763,105.0
tt4154796,Avengers: Endgame,1316646,122914,tt4154796,299534.0
tt0120338,Titanic,1316021,1721,tt0120338,597.0
tt2015381,Guardians of the Galaxy,1298406,112852,tt2015381,118340.0
tt0099685,Goodfellas,1295209,1213,tt0099685,769.0
tt0110413,Léon: The Professional,1278852,293,tt0110413,101.0
tt4154756,Avengers: Infinity War,1250447,122912,tt4154756,299536.0
tt0120382,The Truman Show,1242879,1682,tt0120382,37165.0
tt0325980,Pirates of the Caribbean: The Curse of the Black Pearl,1241784,6539,tt0325980,22.0
tt0910970,WALL·E,1234787,60069,tt0910970,10681.0
tt0169547,American Beauty,1232342,2858,tt0169547,14.0
tt0266697,Kill Bill: Vol. 1,1226240,6874,tt0266697,24.0
tt0120586,American History X,1212374,2329,tt0120586,73.0
tt0103064,Terminator 2: Judgment Day,1207660,589,tt0103064,280.0
tt0434409,V for Vendetta,1200094,44191,tt0434409,752.0
tt1431045,Deadpool,1180776,122904,tt1431045,293660.0
tt0110357,The Lion King,1176601,364,tt0110357,8587.0
tt0114814,The Usual Suspects,1169591,50,tt0114814,629.0
tt1049413,Up,1157326,68954,tt1049413,14160.0
tt0371746,Iron Man,1151755,59315,tt0371746,1726.0
tt0086190,Star Wars: Episode VI - Return of the Jedi,1146064,1210,tt0086190,1892.0
tt0081505,The Shining,1142779,1258,tt0081505,694.0
tt1392190,Mad Max: Fury Road,1141534,122882,tt1392190,76341.0
tt0266543,Finding Nemo,1139532,6377,tt0266543,12.0
tt0264464,Catch Me If You Can,1134310,5989,tt0264464,640.0
tt0105236,Reservoir Dogs,1114171,1089,tt0105236,500.0
tt0112573,Braveheart,1112786,110,tt0112573,197.0
tt0338013,Eternal Sunshine of the Spotless Mind,1110597,7361,tt0338013,38.0
tt0119217,Good Will Hunting,1106964,1704,tt0119217,489.0
tt0114709,Toy Story,1099433,1,tt0114709,862.0
tt2267998,Gone Girl,1098039,112556,tt2267998,210577.0
tt0073486,One Flew Over the Cuckoo's Nest,1097216,1193,tt0073486,510.0
tt0107290,Jurassic Park,1096360,480,tt0107290,329.0
tt0477348,No Country for Old Men,1094504,55820,tt0477348,6977.0
tt0167404,The Sixth Sense,1079882,2762,tt0167404,745.0
tt0082971,Raiders of the Lost Ark,1057383,1198,tt0082971,85.0
tt2582802,Whiplash,1035967,112552,tt2582802,244786.0
tt1392170,The Hunger Games,1025427,91500,tt1392170,70160.0
tt6751668,Parasite,1014004,202439,tt6751668,496243.0
tt0198781,"Monsters, Inc.",1007439,4886,tt0198781,585.0
tt0268978,A Beautiful Mind,1007206,4995,tt0268978,453.0
tt0078748,Alien,994154,1214,tt0078748,348.0
tt2488496,Star Wars: Episode VII - The Force Awakens,988560,122886,tt2488496,140607.0
tt1201607,Harry Potter and the Deathly Hallows: Part 2,975024,88125,tt1201607,12445.0
tt0095016,Die Hard,967141,1036,tt0095016,562.0
tt1675434,The Intouchables,956006,92259,tt1675434,77338.0
tt0075314,Taxi Driver,954310,111,tt0075314,103.0
tt3659388,The Martian,951270,134130,tt3659388,286217.0
tt0088247,The Terminator,948034,1240,tt0088247,218.0
tt2395427,Avengers: Age of Ultron,943770,122892,tt2395427,99861.0
tt0253474,The Pianist,943479,5995,tt0253474,423.0
tt0086250,Scarface,943365,4262,tt0086250,111.0
tt0208092,Snatch,930264,4011,tt0208092,107.0
tt0180093,Requiem for a Dream,921948,3949,tt0180093,641.0
tt10872600,Spider-Man: No Way Home,919786,263007,tt10872600,634649.0
tt1160419,Dune: Part One,919785,254726,tt1160419,438631.0
tt0800369,Thor,918487,86332,tt0800369,10195.0
tt1843866,Captain America: The Winter Soldier,918024,110102,tt1843866,100402.0
tt1300854,Iron Man 3,917815,102125,tt1300854,68721.0
tt0458339,Captain America: The First Avenger,916189,88140,tt0458339,1771.0
tt0435761,Toy Story 3,914974,78499,tt0435761,10193.0
tt2278388,The Grand Budapest Hotel,908775,109374,tt2278388,120467.0
tt0145487,Spider-Man,904519,5349,tt0145487,557.0
tt0066921,A Clockwork Orange,898829,1206,tt0066921,185.0
tt0050083,12 Angry Men,897749,1203,tt0050083,389.0
tt1663202,The Revenant,895272,139385,tt1663202,281957.0
tt0903624,The Hobbit: An Unexpected Journey,891372,98809,tt0903624,49051.0
tt1010048,Slumdog Millionaire,887637,63082,tt1010048,12405.0
tt1228705,Iron Man 2,887601,77561,tt1228705,10138.0
tt0245429,Spirited Away,883566,5618,tt0245429,129.0
tt0241527,Harry Potter and the Sorcerer's Stone,883106,4896,tt0241527,671.0
tt7131622,Once Upon a Time... in Hollywood,880984,202429,tt7131622,466272.0
tt0416449,300,879579,51662,tt0416449,1271.0
tt0120915,Star Wars: Episode I - The Phantom Menace,877521,2628,tt0120915,1893.0
tt0118715,The Big Lebowski,877455,1732,tt0118715,115.0
tt1454468,Gravity,874299,104841,tt1454468,49047.0
tt3498820,Captain America: Civil War,872303,122920,tt3498820,271110.0
tt3315342,Logan,870631,168252,tt3315342,263115.0
tt1119646,The Hangover,869207,69122,tt1119646,18785.0
tt0246578,Donnie Darko,868798,4878,tt0246578,141.0
tt0121766,Star Wars: Episode III - Revenge of the Sith,864760,33493,tt0121766,1895.0
tt0382932,Ratatouille,859836,50872,tt0382932,2062.0
tt1825683,Black Panther,857608,122906,tt1825683,284054.0
tt0947798,Black Swan,844387,81591,tt0947798,44214.0
tt1392214,Prisoners,844054,104879,tt1392214,146233.0
tt2096673,Inside Out,843455,134853,tt2096673,150540.0
tt1877830,The Batman,843439,268642,tt1877830,414906.0
tt2084970,The Imitation Game,841380,116797,tt2084970,205596.0
tt0083658,Blade Runner,840679,541,tt0083658,78.0
tt3501632,Thor: Ragnarok,838289,122916,tt3501632,284053.0
tt0480249,I Am Legend,836156,56174,tt0480249,6479.0
tt0317705,The Incredibles,835312,8961,tt0317705,9806.0
tt0060196,"The Good, the Bad and the Ugly",833782,1201,tt0060196,429.0
tt1205489,Gran Torino,828301,64614,tt1205489,13223.0
tt1211837,Doctor Strange,827278,122922,tt1211837,284052.0
tt0097576,Indiana Jones and the Last Crusade,826294,1291,tt0097576,89.0
tt0378194,Kill Bill: Vol. 2,824729,7438,tt0378194,393.0
tt0770828,Man of Steel,824259,103042,tt0770828,49521.0
tt0892769,How to Train Your Dragon,824197,76093,tt0892769,10191.0
tt15398776,Oppenheimer,823582,287699,tt15398776,872585.0
tt0317248,City of God,821507,6016,tt0317248,598.0
tt0093058,Full Metal Jacket,808724,1222,tt0093058,600.0
tt0211915,Amélie,808303,4973,tt0211915,194.0
tt0401792,Sin City,801450,32587,tt0401792,187.0
tt8946378,Knives Out,798175,207313,tt8946378,546554.0
tt2543164,Arrival,796988,164179,tt2543164,329865.0
tt0090605,Aliens,794122,1200,tt0090605,679.0
tt0383574,Pirates of the Caribbean: Dead Man's Chest,784834,45722,tt0383574,58.0
tt3896198,Guardians of the Galaxy Vol. 2,779517,122918,tt3896198,283995.0
tt1285016,The Social Network,776279,80463,tt1285016,37799.0
tt0121765,Star Wars: Episode II - Attack of the Clones,776139,5378,tt0121765,1894.0
tt2975590,Batman v Superman: Dawn of Justice,763114,136864,tt2975590,209112.0
tt0118799,Life Is Beautiful,762083,2324,tt0118799,637.0
tt2911666,John Wick,762000,115149,tt2911666,245891.0
tt1877832,X-Men: Days of Future Past,761312,111362,tt1877832,127585.0
tt5013056,Dunkirk,758884,174055,tt5013056,374720.0
tt1631867,Edge of Tomorrow,758530,111759,tt1631867,137113.0
tt0126029,Shrek,756414,4306,tt0126029,808.0
tt2024544,12 Years a Slave,754279,105844,tt2024544,76203.0
tt0144084,American Psycho,754053,3535,tt0144084,1359.0
tt1045658,Silver Linings Playbook,752293,97921,tt1045658,82693.0
tt1745960,Top Gun: Maverick,744366,274053,tt1745960,361743.0
tt1074638,Skyfall,743158,96079,tt1074638,37724.0
tt0116282,Fargo,741464,608,tt0116282,275.0
tt2250912,Spider-Man: Homecoming,740930,122926,tt2250912,202249.0
tt0816711,World War Z,740926,103249,tt0816711,72190.0
tt1981115,Thor: The Dark World,739951,106072,tt1981115,76338.0
tt0117951,Trainspotting,739679,778,tt0117951,627.0
tt0062622,2001: A Space Odyssey,739483,924,tt0062622,62.0
tt1270798,X-Men: First Class,738882,87232,tt1270798,49538.0
tt0113277,Heat,738856,6,tt0113277,949.0
tt0054215,Psycho,738846,1219,tt0054215,539.0
tt5052448,Get Out,738689,168250,tt5052448,419430.0
tt0478970,Ant-Man,738618,122900,tt0478970,102899.0
tt2802144,Kingsman: The Secret Service,737538,119145,tt2802144,207703.0
tt1951264,The Hunger Games: Catching Fire,736231,106487,tt1951264,101299.0
tt0405159,Million Dollar Baby,735072,30707,tt0405159,70.0
tt1386697,Suicide Squad,733643,135536,tt1386697,297761.0
tt0316654,Spider-Man 2,730338,8636,tt0316654,558.0
tt0078788,Apocalypse Now,728131,1208,tt0078788,28.0
tt1136608,District 9,728026,70286,tt1136608,17654.0
tt1670345,Now You See Me,724437,102903,tt1670345,75656.0
tt0780504,Drive,723021,88129,tt0780504,64690.0
tt1170358,The Hobbit: The Desolation of Smaug,721554,106489,tt1170358,57158.0
tt0948470,The Amazing Spider-Man,720174,95510,tt0948470,1930.0
tt1504320,The King's Speech,715814,81845,tt1504320,45269.0
tt0457430,Pan's Labyrinth,715458,48394,tt0457430,1417.0
tt0295297,Harry Potter and the Chamber of Secrets,712774,5816,tt0295297,672.0
tt0304141,Harry Potter and the Prisoner of Azkaban,712578,8368,tt0304141,673.0
tt0451279,Wonder Woman,710978,143355,tt0451279,297762.0
tt0421715,The Curious Case of Benjamin Button,710674,64957,tt0421715,4922.0
tt0449088,Pirates of the Caribbean: At World's End,708598,53125,tt0449088,285.0
tt0381061,Casino Royale,708439,49272,tt0381061,36557.0
tt8579674,1917,706207,208703,tt8579674,530915.0
tt4633694,Spider-Man: Into the Spider-Verse,704959,195159,tt4633694,324857.0
tt3748528,Rogue One: A Star Wars Story,702585,166528,tt3748528,330459.0
tt0107048,Groundhog Day,701703,1265,tt0107048,137.0
tt0330373,Harry Potter and the Goblet of Fire,701137,40815,tt0330373,674.0
tt3783958,La La Land,699461,164909,tt3783958,313369.0
tt5463162,Deadpool 2,694022,187593,tt5463162,383498.0
tt1856101,Blade Runner 2049,693307,176371,tt1856101,335984.0
tt0369610,Jurassic World,692030,117529,tt0369610,135397.0
tt1798709,Her,688933,106920,tt1798709,152601.0
tt0418279,Transformers,687869,53996,tt0418279,1858.0
tt2527336,Star Wars: Episode VIII - The Last Jedi,685441,179819,tt2527336,181808.0
tt0988045,Sherlock Holmes,682626,73017,tt0988045,10528.0
tt0073195,Jaws,681001,1387,tt0073195,578.0
tt2294629,Frozen,677647,106696,tt2294629,109445.0
tt0454876,Life of Pi,677417,97938,tt0454876,87827.0
tt3460252,The Hateful Eight,677135,128360,tt3460252,273248.0
tt2562232,Birdman or (The Unexpected Virtue of Ignorance),676216,112183,tt2562232,194662.0
tt0099785,Home Alone,672286,586,tt0099785,771.0
tt1637725,Ted,671935,95441,tt1637725,72105.0
tt0758758,Into the Wild,669722,55247,tt0758758,5915.0
tt1446714,Prometheus,668372,94864,tt1446714,70981.0
tt0440963,The Bourne Ultimatum,666259,54286,tt0440963,2503.0
tt0120903,X-Men,665109,3793,tt0120903,36657.0
tt0364569,Oldboy,659167,27773,tt0364569,670.0
tt0114746,12 Monkeys,657178,32,tt0114746,63.0
tt0469494,There Will Be Blood,657080,56782,tt0469494,7345.0
tt0413300,Spider-Man 3,655417,52722,tt0413300,559.0
tt0162222,Cast Away,653910,4022,tt0162222,8358.0
tt0373889,Harry Potter and the Order of the Phoenix,651495,54001,tt0373889,675.0
tt0829482,Superbad,651018,54503,tt0829482,8363.0
tt0075148,Rocky,646836,1954,tt0075148,1366.0
tt1024648,Argo,646823,97304,tt1024648,68734.0
tt0936501,Taken,646684,59369,tt0936501,8681.0
tt0234215,The Matrix Reloaded,643365,6365,tt0234215,604.0
tt0332280,The Notebook,640603,8533,tt0332280,11036.0
tt1156398,Zombieland,636293,71535,tt1156398,19908.0
tt0120363,Toy Story 2,634622,3114,tt0120363,863.0
tt0240772,Ocean's Eleven,634415,4963,tt0240772,161.0
tt3890160,Baby Driver,634264,171763,tt3890160,339403.0
tt0119488,L.A. Confidential,632064,1617,tt0119488,2118.0
tt1396484,It,630402,175303,tt1396484,346364.0
tt0119654,Men in Black,628019,1580,tt0119654,607.0
tt0120735,"Lock, Stock and Two Smoking Barrels",627128,2542,tt0120735,100.0
tt0796366,Star Trek,625798,68358,tt0796366,13475.0
tt4154664,Captain Marvel,625662,122910,tt4154664,299537.0
tt2380307,Coco,625493,177765,tt2380307,354912.0
tt11286314,Don't Look Up,624430,263407,tt11286314,646380.0
tt2872718,Nightcrawler,623215,115569,tt2872718,242582.0
tt1219289,Limitless,622309,84152,tt1219289,51876.0
tt0034583,Casablanca,620425,912,tt0034583,289.0
tt0443706,Zodiac,620289,51540,tt0443706,1949.0
tt0116629,Independence Day,619232,780,tt0116629,602.0
tt2119532,Hacksaw Ridge,618910,163645,tt2119532,324786.0
tt0926084,Harry Potter and the Deathly Hallows: Part 1,616896,81834,tt0926084,12444.0
tt6644200,A Quiet Place,614837,185029,tt6644200,447332.0
tt6723592,Tenet,613962,217465,tt6723592,577922.0
tt0417741,Harry Potter and the Half-Blood Prince,613259,69844,tt0417741,767.0
tt1232829,21 Jump Street,613018,93510,tt1232829,64688.0
tt1276104,Looper,611819,96610,tt1276104,59967.0
tt1343092,The Great Gatsby,611440,102407,tt1343092,64682.0
tt1727824,Bohemian Rhapsody,610522,192803,tt1727824,424694.0
tt0365748,Shaun of the Dead,610041,8874,tt0365748,747.0
tt6966692,Green Book,608496,194448,tt6966692,490132.0
tt0470752,Ex Machina,607730,115713,tt0470752,264660.0
tt1250777,Kick-Ass,603221,76251,tt1250777,23483.0
tt1323594,Despicable Me,600009,79091,tt1323594,20352.0
tt0450259,Blood Diamond,598512,49530,tt0450259,1372.0
tt0181689,Minority Report,594951,5445,tt0181689,180.0
tt0409459,Watchmen,591916,60684,tt0409459,13183.0
tt0290334,X2: X-Men United,590143,6333,tt0290334,36658.0
tt0343818,"I, Robot",587947,8644,tt0343818,2048.0
tt0096874,Back to the Future Part II,587630,2011,tt0096874,165.0
tt0258463,The Bourne Identity,587476,5418,tt0258463,2501.0
tt2310332,The Hobbit: The Battle of the Five Armies,587382,118696,tt2310332,122917.0
tt1318514,Rise of the Planet of the Apes,586681,88744,tt1318514,61791.0
tt0332452,Troy,583856,7458,tt0332452,652.0
tt0071853,Monty Python and the Holy Grail,580310,1136,tt0071853,762.0
tt1570728,"Crazy, Stupid, Love.",580074,88163,tt1570728,50646.0
tt6320628,Spider-Man: Far from Home,579682,201773,tt6320628,429617.0
tt0112641,Casino,579513,16,tt0112641,524.0
tt1517268,Barbie,578507,288513,tt1517268,346698.0
tt0454921,The Pursuit of Happyness,578486,47099,tt0454921,1402.0
tt1022603,500 Days of Summer,577335,69757,tt1022603,19913.0
tt4972582,Split,577088,166534,tt4972582,381288.0
tt1298650,Pirates of the Caribbean: On Stranger Tides,576519,86880,tt1298650,1865.0
tt10811166,The Kashmir Files,575540,272085,tt10811166,900783.0
tt1457767,The Conjuring,573569,103688,tt1457767,138843.0
tt0097165,Dead Poets Society,571827,1246,tt0097165,207.0
tt5027774,"Three Billboards Outside Ebbing, Missouri",569889,177593,tt5027774,359940.0
tt2948356,Zootopia,566237,152081,tt2948356,269149.0
tt2713180,Fury,565279,115210,tt2713180,228150.0
tt1483013,Oblivion,563191,101864,tt1483013,75612.0
tt1270797,Venom,562363,192389,tt1270797,335983.0
tt1659337,The Perks of Being a Wallflower,561053,96821,tt1659337,84892.0
tt0945513,Source Code,560830,85414,tt0945513,45612.0
tt6710474,Everything Everywhere All at Once,560689,270698,tt6710474,545611.0
tt0467406,Juno,557365,56367,tt0467406,7326.0
tt0095953,Rain Man,556537,1961,tt0095953,380.0
tt0356910,Mr. & Mrs. Smith,555777,33679,tt0356910,787.0
tt0242653,The Matrix Revolutions,553648,6934,tt0242653,605.0
tt0376994,X-Men: The Last Stand,553569,45499,tt0376994,36668.0
tt1872181,The Amazing Spider-Man 2,552936,110553,tt1872181,102382.0
tt0458525,X-Men Origins: Wolverine,548192,68319,tt0458525,2080.0
tt2872732,Lucy,547535,111360,tt2872732,240832.0
tt1411697,The Hangover Part II,547020,86911,tt1411697,45243.0
tt0425112,Hot Fuzz,545917,51255,tt0425112,4638.0
tt0087469,Indiana Jones and the Temple of Doom,544571,2115,tt0087469,87.0
tt0367594,Charlie and the Chocolate Factory,542436,30793,tt0367594,118.0
tt0314331,Love Actually,541997,6942,tt0314331,508.0
tt2179136,American Sniper,541633,114662,tt2179136,190859.0
tt0206634,Children of Men,540253,48774,tt0206634,9693.0
tt1663662,Pacific Rim,539700,103228,tt1663662,68726.0
tt0441773,Kung Fu Panda,538850,59784,tt0441773,9502.0
tt0099487,Edward Scissorhands,538775,2291,tt0099487,162.0
tt1229238,Mission: Impossible - Ghost Protocol,536740,91630,tt1229238,56292.0
tt0047396,Rear Window,536321,904,tt0047396,567.0
tt0800080,The Incredible Hulk,534415,60040,tt0800080,1724.0
tt0268380,Ice Age,533145,5218,tt0268380,425.0
tt0289879,The Butterfly Effect,532495,7254,tt0289879,1954.0
tt1477834,Aquaman,531448,143347,tt1477834,297802.0
tt0057012,Dr. Strangelove or: How I Learned to Stop Worrying and Love the Bomb,530417,750,tt0057012,935.0
tt0449059,Little Miss Sunshine,528996,46578,tt0449059,773.0
tt4425200,John Wick: Chapter 2,528151,168248,tt4425200,324552.0
tt0790636,Dallas Buyers Club,527941,106100,tt0790636,152532.0
tt1790864,The Maze Runner,525546,114180,tt1790864,198663.0
tt1979320,Rush,525192,104913,tt1979320,96721.0
tt0448157,Hancock,521883,60074,tt0448157,8960.0
tt0298148,Shrek 2,519214,8360,tt0298148,809.0
tt0119116,The Fifth Element,518588,1527,tt0119116,18.0
tt1630029,Avatar: The Way of Water,518162,280218,tt1630029,76600.0
tt2245084,Big Hero 6,518021,115617,tt2245084,177572.0
tt3183660,Fantastic Beasts and Where to Find Them,517582,135143,tt3183660,259316.0
tt0092099,Top Gun,516808,1101,tt0092099,744.0
tt1951265,The Hunger Games: Mockingjay - Part 1,515283,116823,tt1951265,131631.0
tt0038650,It's a Wonderful Life,512171,953,tt0038650,1585.0
tt1895587,Spotlight,511210,142488,tt1895587,314365.0
tt0398286,Tangled,509882,81847,tt0398286,38757.0
tt2527338,Star Wars: Episode IX - The Rise of Skywalker,507409,208205,tt2527338,181812.0
tt1291584,Warrior,507133,89774,tt1291584,59440.0
tt0362227,The Terminal,506732,8529,tt0362227,594.0
tt1568346,The Girl with the Dragon Tattoo,506139,91658,tt1568346,65754.0
tt1800241,American Hustle,505850,106916,tt1800241,168672.0
tt1430132,The Wolverine,505773,103772,tt1430132,76170.0
tt1454029,The Help,504114,88810,tt1454029,50014.0
tt1677720,Ready Player One,503938,140956,tt1677720,333339.0
tt1950186,Ford v Ferrari,503802,203375,tt1950186,359724.0
tt0335266,Lost in Translation,503551,6711,tt0335266,153.0
tt1535109,Captain Phillips,501567,105504,tt1535109,109424.0
tt1408101,Star Trek Into Darkness,501168,102445,tt1408101,54138.0
tt9419884,Doctor Strange in the Multiverse of Madness,500286,272525,tt9419884,453395.0
tt1596363,The Big Short,499546,148626,tt1596363,318846.0
tt1840309,Divergent,498841,108190,tt1840309,157350.0
tt1723121,We're the Millers,497984,104211,tt1723121,138832.0
tt0367882,Indiana Jones and the Kingdom of the Crystal Skull,497968,59615,tt0367882,217.0
tt1099212,Twilight,497814,63992,tt1099212,8966.0
tt0327056,Mystic River,496235,6870,tt0327056,322.0
tt0372183,The Bourne Supremacy,494891,8665,tt0372183,2502.0
tt2103281,Dawn of the Planet of the Apes,494310,112623,tt2103281,119450.0
tt3397884,Sicario,493611,139644,tt3397884,273481.0
tt0099088,Back to the Future Part III,492436,2012,tt0099088,196.0
tt2980516,The Theory of Everything,489642,117176,tt2980516,266856.0
tt0319262,The Day After Tomorrow,489478,8361,tt0319262,435.0
tt0317219,Cars,488849,45517,tt0317219,920.0
tt1515091,Sherlock Holmes: A Game of Shadows,487937,91542,tt1515091,58574.0
tt0101414,Beauty and the Beast,487256,595,tt0101414,10020.0
tt0458352,The Devil Wears Prada,487212,45720,tt0458352,350.0
tt0139654,Training Day,486185,4776,tt0139654,2034.0
tt0974015,Justice League,486014,122898,tt0974015,141052.0
tt0084787,The Thing,485625,2288,tt0084787,1091.0
tt0407304,War of the Worlds,484089,34048,tt0407304,74.0
tt0217505,Gangs of New York,481831,5956,tt0217505,3131.0
tt0387564,Saw,481683,8957,tt0387564,176.0
tt0325710,The Last Samurai,481417,7143,tt0325710,616.0
tt0117060,Mission: Impossible,480644,648,tt0117060,954.0
tt0887912,The Hurt Locker,479984,69481,tt0887912,12162.0
tt0103639,Aladdin,479963,588,tt0103639,812.0
tt0830515,Quantum of Solace,478648,63113,tt0830515,10764.0
tt0405422,The 40-Year-Old Virgin,478290,35836,tt0405422,6957.0
tt1535108,Elysium,477856,103253,tt1535108,68724.0
tt1210166,Moneyball,477213,89492,tt1210166,60308.0
tt1499658,Horrible Bosses,475396,87869,tt1499658,51540.0
tt0446029,Scott Pilgrim vs. the World,475284,79702,tt0446029,22538.0
tt2379713,Spectre,475132,136020,tt2379713,206647.0
tt0033467,Citizen Kane,474941,923,tt0033467,15.0
tt0120616,The Mummy,473993,2617,tt0120616,564.0
tt3385516,X-Men: Apocalypse,473172,122924,tt3385516,246655.0
tt0780536,In Bruges,471897,57669,tt0780536,8321.0
tt1772341,Wreck-It Ralph,471007,97913,tt1772341,82690.0
tt12593682,Bullet Train,470410,273891,tt12593682,718930.0
tt0070047,The Exorcist,469016,1997,tt0070047,9552.0
tt0347149,Howl's Moving Castle,468929,31658,tt0347149,4935.0
tt0093773,Predator,468693,3527,tt0093773,106.0
tt0382625,The Da Vinci Code,466845,45447,tt0382625,591.0
tt2283362,Jumanji: Welcome to the Jungle,466300,179401,tt2283362,353486.0
tt0319061,Big Fish,465060,7147,tt0319061,587.0
tt1355644,Passengers,464456,166635,tt1355644,274870.0
tt1259521,The Cabin in the Woods,464422,93840,tt1259521,22970.0
tt0765429,American Gangster,464335,55765,tt0765429,4982.0
tt0087332,Ghostbusters,463750,2716,tt0087332,620.0
tt5095030,Ant-Man and the Wasp,463222,188301,tt5095030,363088.0
tt11564570,Glass Onion,462444,278702,tt11564570,661374.0
tt3170832,Room,461040,140174,tt3170832,264644.0
tt0093779,The Princess Bride,459758,1197,tt0093779,2493.0
tt0942385,Tropic Thunder,459572,61132,tt0942385,7446.0
tt0120591,Armageddon,459524,1917,tt0120591,95.0
tt1637688,In Time,458968,90405,tt1637688,49530.0
tt0289043,28 Days Later,458840,6502,tt0289043,170.0
tt2382320,No Time to Die,457511,224280,tt2382320,370172.0
tt1605783,Midnight in Paris,456647,86882,tt1605783,59436.0
tt2584384,Jojo Rabbit,456189,205156,tt2584384,515001.0
tt5580390,The Shape of Water,454991,180031,tt5580390,399055.0
tt0092005,Stand by Me,454403,1259,tt0092005,235.0
tt0360717,King Kong,454327,41569,tt0360717,254.0
tt1217209,Brave,454041,95167,tt1217209,62177.0
tt0443453,Borat,453542,48385,tt0443453,496.0
tt0119567,The Lost World: Jurassic Park,452593,1544,tt0119567,330.0
tt0375679,Crash,452558,33166,tt0375679,1640.0
tt0377092,Mean Girls,451615,7451,tt0377092,10625.0
tt0217869,Unbreakable,451412,3994,tt0217869,9741.0
tt9376612,Shang-Chi and the Legend of the Ten Rings,451358,255335,tt9376612,566525.0
tt0831387,Godzilla,449578,111364,tt0831387,124905.0
tt1014759,Alice in Wonderland,449475,74789,tt1014759,12155.0
tt0351283,Madagascar,449438,33615,tt0351283,953.0
tt12361974,Zack Snyder's Justice League,448811,243642,tt12361974,791373.0
tt0088847,The Breakfast Club,448762,1968,tt0088847,2108.0
tt6264654,Free Guy,448516,226202,tt6264654,550988.0
tt0119698,Princess Mononoke,448412,3000,tt0119698,128.0
tt0091763,Platoon,448403,1090,tt0091763,792.0
tt1187043,3 Idiots,448086,73881,tt1187043,20453.0
tt0083866,E.T. the Extra-Terrestrial,447275,1097,tt0083866,601.0
tt0105695,Unforgiven,445705,1266,tt0105695,33.0
tt0315327,Bruce Almighty,444475,6373,tt0315327,310.0
tt0163651,American Pie,444371,2706,tt0163651,2105.0
tt1302006,The Irishman,443494,206857,tt1302006,398978.0
tt0119174,The Game,442907,1625,tt0119174,2649.0
tt0369339,Collateral,442388,8798,tt0369339,1538.0
tt6146586,John Wick: Chapter 3 - Parabellum,441436,200818,tt6146586,458156.0
tt1245492,This Is the End,440766,102123,tt1245492,109414.0
tt3480822,Black Widow,440699,242774,tt3480822,497698.0
tt0032138,The Wizard of Oz,440578,919,tt0032138,630.0
tt0086879,Amadeus,439834,1225,tt0086879,279.0
tt1399103,Transformers: Dark of the Moon,439030,87520,tt1399103,38356.0
tt0052357,Vertigo,437849,903,tt0052357,426.0
tt1690953,Despicable Me 2,437123,103335,tt1690953,93456.0
tt0363771,"The Chronicles of Narnia: The Lion, the Witch and the Wardrobe",436996,41566,tt0363771,411.0
tt1055369,Transformers: Revenge of the Fallen,435964,69526,tt1055369,8373.0
tt0110475,The Mask,435734,367,tt0110475,854.0
tt0455944,The Equalizer,434879,112171,tt0455944,156022.0
tt0099674,The Godfather Part III,432929,2023,tt0099674,242.0
tt0265086,Black Hawk Down,432597,5010,tt0265086,855.0
tt8772262,Midsommar,431317,201646,tt8772262,530385.0
tt0232500,The Fast and the Furious,429852,4369,tt0232500,9799.0
tt1517451,A Star Is Born,429683,192385,tt1517451,332562.0
tt1060277,Cloverfield,428762,57368,tt1060277,7191.0
tt9764362,The Menu,426639,279812,tt9764362,593643.0
tt1282140,Easy A,426514,80549,tt1282140,37735.0
tt0079470,Monty Python's Life of Brian,426027,1080,tt0079470,583.0
tt0337978,Live Free or Die Hard,425340,53972,tt0337978,1571.0
tt0181852,Terminator 3: Rise of the Machines,424549,6537,tt0181852,296.0
tt0840361,The Town,424527,80489,tt0840361,23168.0
tt6334354,The Suicide Squad,423835,251086,tt6334354,436969.0
tt0361862,The Machinist,423548,8950,tt0361862,4553.0
tt1905041,Fast & Furious 6,423461,102716,tt1905041,82992.0
tt0109686,Dumb and Dumber,422110,231,tt0109686,8467.0
tt2820852,Furious 7,421782,130634,tt2820852,168259.0
tt0349903,Ocean's Twelve,421444,8984,tt0349903,163.0
tt9362722,Spider-Man: Across the Spider-Verse,421373,286897,tt9362722,569094.0
tt8367814,The Gentlemen,421072,210861,tt8367814,522627.0
tt10648342,Thor: Love and Thunder,420252,274971,tt10648342,616037.0
tt0405094,The Lives of Others,420128,44555,tt0405094,582.0
tt2381249,Mission: Impossible - Rogue Nation,419236,111781,tt2381249,177677.0
tt2294449,22 Jump Street,416185,112138,tt2294449,187017.0
tt0493464,Wanted,415695,60072,tt0493464,8909.0
tt0112864,Die Hard with a Vengeance,414863,165,tt0112864,1572.0
tt0104431,Home Alone 2: Lost in New York,414733,2953,tt0104431,772.0
tt1596343,Fast Five,414615,86644,tt1596343,51497.0
tt0096895,Batman,414231,592,tt0096895,268.0
tt0118971,The Devil's Advocate,413772,1645,tt0118971,1813.0
tt0120912,Men in Black II,412726,5459,tt0120912,608.0
tt2582846,The Fault in Our Stars,409736,111921,tt2582846,222935.0
tt0119094,Face/Off,409301,1573,tt0119094,754.0
tt1542344,127 Hours,408584,81562,tt1542344,44115.0
tt6791350,Guardians of the Galaxy Vol. 3,408152,285593,tt6791350,447365.0
tt0117571,Scream,407875,1407,tt0117571,4232.0
tt1587310,Maleficent,407564,111659,tt1587310,102651.0
tt0454848,Inside Man,405749,44199,tt0454848,388.0
tt1190080,2012,405283,72378,tt1190080,14161.0
tt0147800,10 Things I Hate About You,404515,2572,tt0147800,4951.0
tt0230600,The Others,403382,4720,tt0230600,1933.0
tt7784604,Hereditary,403271,183869,tt7784604,493922.0
tt1632708,Friends with Benefits,403252,88405,tt1632708,50544.0
tt2194499,About Time,402205,104374,tt2194499,122906.0
tt1453405,Monsters University,401514,103141,tt1453405,62211.0
tt0111257,Speed,401492,377,tt0111257,1637.0
tt2737304,Bird Box,398907,194951,tt2737304,405774.0
tt3521164,Moana,398898,166461,tt3521164,277834.0
tt9032400,Eternals,398392,260665,tt9032400,524434.0
tt0328107,Man on Fire,398268,7445,tt0328107,9509.0
tt0317919,Mission: Impossible III,398092,45186,tt0317919,956.0
tt1706620,Snowpiercer,398051,107406,tt1706620,110415.0
tt0091042,Ferris Bueller's Day Off,396722,2918,tt0091042,9377.0
tt2948372,Soul,396654,225173,tt2948372,508442.0
tt1490017,The Lego Movie,396366,108932,tt1490017,137106.0
tt0286106,Signs,396354,5502,tt0286106,2675.0
tt0096283,My Neighbor Totoro,395686,5971,tt0096283,8392.0
tt1409024,Men in Black³,395161,94777,tt1409024,41154.0
tt0964517,The Fighter,394876,81932,tt0964517,45317.0
tt0317740,The Italian Job,394810,6378,tt0317740,9654.0
tt0388795,Brokeback Mountain,394411,39183,tt0388795,142.0
tt0448115,Shazam!,394121,143345,tt0448115,287947.0
tt0162661,Sleepy Hollow,394107,3081,tt0162661,2668.0
tt0443543,The Illusionist,393984,47610,tt0443543,1491.0
tt0408236,Sweeney Todd: The Demon Barber of Fleet Street,393891,56757,tt0408236,13885.0
tt0166924,Mulholland Drive,393280,4848,tt0166924,1018.0
tt0094721,Beetlejuice,392981,2174,tt0094721,4011.0
tt0343660,50 First Dates,391589,7293,tt0343660,1824.0
tt0338751,The Aviator,390381,30812,tt0338751,2567.0
tt0099423,Die Hard 2,389803,1370,tt0099423,1573.0
tt1068680,Yes Man,389656,64969,tt1068680,10201.0
tt0478311,Knocked Up,389538,52973,tt0478311,4964.0
tt0081398,Raging Bull,389042,1228,tt0081398,1578.0
tt0107688,The Nightmare Before Christmas,388486,551,tt0107688,9479.0
tt0120663,Eyes Wide Shut,388333,2712,tt0120663,345.0
tt3778644,Solo: A Star Wars Story,388314,187595,tt3778644,348350.0
tt0113497,Jumanji,388124,2,tt0113497,8844.0
tt4912910,Mission: Impossible - Fallout,387737,189333,tt4912910,353081.0
tt0087843,Once Upon a Time in America,387223,1227,tt0087843,311.0
tt0477347,Night at the Museum,386889,46972,tt0477347,1593.0
tt0357413,Anchorman: The Legend of Ron Burgundy,385940,8641,tt0357413,8699.0
tt3799694,The Nice Guys,385546,158238,tt3799694,290250.0
tt0120755,Mission: Impossible II,385467,3623,tt0120755,955.0
tt1951266,The Hunger Games: Mockingjay - Part 2,385260,135133,tt1951266,131634.0
tt0360486,Constantine,384684,31696,tt0360486,561.0
tt0298130,The Ring,384481,5679,tt0298130,565.0
tt0119396,Jackie Brown,383732,1729,tt0119396,184.0
tt0363163,Downfall,382605,31410,tt0363163,613.0
tt0438488,Terminator Salvation,382604,68791,tt0438488,534.0
tt1907668,Flight,382601,97923,tt1907668,87502.0
tt1182345,Moon,382176,68237,tt1182345,17431.0
tt0396269,Wedding Crashers,382146,34162,tt0396269,9522.0
tt0395169,Hotel Rwanda,378833,30749,tt0395169,205.0
tt1371111,Cloud Atlas,378386,97752,tt1371111,83542.0
tt2106476,The Hunt,377265,96829,tt2106476,103663.0
tt0047478,Seven Samurai,376604,2019,tt0047478,346.0
tt4649466,Kingsman: The Golden Circle,376422,176101,tt4649466,343668.0
tt0100405,Pretty Woman,376295,597,tt0100405,114.0
tt0790724,Jack Reacher,374155,99112,tt0790724,75780.0
tt1646971,How to Train Your Dragon 2,374029,112175,tt1646971,82702.0
tt0496806,Ocean's Thirteen,373429,53322,tt0496806,298.0
tt1041829,The Proposal,372928,69406,tt1041829,18240.0
tt2798920,Annihilation,372114,182715,tt2798920,300668.0
tt1065073,Boyhood,371969,112290,tt1065073,85350.0
tt1650062,Super 8,371568,87306,tt1650062,37686.0
tt1748122,Moonrise Kingdom,370820,94959,tt1748122,83666.0
tt0077416,The Deer Hunter,369728,1263,tt0077416,11778.0
tt1320253,The Expendables,369655,79695,tt1320253,27578.0
tt0878804,The Blind Side,368133,72641,tt0878804,22881.0
tt0433035,Real Steel,365584,90249,tt0433035,39254.0
tt0389860,Click,365539,45672,tt0389860,9339.0
tt0117500,The Rock,365146,733,tt0117500,9802.0
tt1179933,10 Cloverfield Lane,365109,152077,tt1179933,333371.0
tt1403865,True Grit,363003,82459,tt1403865,44264.0
tt0212338,Meet the Parents,362820,3948,tt0212338,1597.0
tt0368891,National Treasure,362734,8972,tt0368891,2059.0
tt0822854,Shooter,362523,51935,tt0822854,7485.0
tt2788710,The Interview,362468,119141,tt2788710,228967.0
tt0910936,Pineapple Express,362298,61024,tt0910936,10189.0
tt0100802,Total Recall,362262,2916,tt0100802,861.0
tt1231583,Due Date,362048,81537,tt1231583,41733.0
tt1104001,Tron: Legacy,361399,82461,tt1104001,20526.0
tt0887883,Burn After Reading,360246,61323,tt0887883,4944.0
tt10366206,John Wick: Chapter 4,359300,283873,tt10366206,603692.0
tt0064116,Once Upon a Time in the West,358918,1209,tt0064116,335.0
tt0120601,Being John Malkovich,358808,2997,tt0120601,492.0
tt0071315,Chinatown,358786,1252,tt0071315,829.0
tt3731562,Kong: Skull Island,357826,168254,tt3731562,293167.0
tt0213149,Pearl Harbor,357603,4310,tt0213149,676.0
tt1790809,Pirates of the Caribbean: Dead Men Tell No Tales,357376,122896,tt1790809,166426.0
tt0167190,Hellboy,357261,7373,tt0167190,1487.0
tt0110148,Interview with the Vampire,357175,253,tt0110148,628.0
tt6857112,Us,356251,197711,tt6857112,458723.0
tt7653254,Marriage Story,355260,205441,tt7653254,492188.0
tt0053125,North by Northwest,355004,908,tt0053125,213.0
tt0462538,The Simpsons Movie,354938,54272,tt0462538,35.0
tt0125439,Notting Hill,354691,2671,tt0125439,509.0
tt4881806,Jurassic World: Fallen Kingdom,353276,187031,tt4881806,351286.0
tt0209163,The Mummy Returns,353082,4270,tt0209163,1734.0
tt1193138,Up in the Air,352960,72011,tt1193138,22947.0
tt0238380,Equilibrium,352027,5903,tt0238380,7299.0
tt0884328,The Mist,351440,56145,tt0884328,5876.0
tt0120667,Fantastic Four,350926,34150,tt0120667,9738.0
tt1707386,Les Misérables,350909,99149,tt1707386,82695.0
tt0112471,Before Sunrise,350367,215,tt0112471,76.0
tt0116367,From Dusk Till Dawn,349076,70,tt0116367,755.0
tt0359950,The Secret Life of Walter Mitty,348983,106918,tt0359950,116745.0
tt1591095,Insidious,347986,85788,tt1591095,49018.0
tt0163025,Jurassic Park III,347358,4638,tt0163025,331.0
tt1037705,The Book of Eli,346664,73321,tt1037705,20504.0
tt1306980,50/50,346144,89864,tt1306980,40807.0
tt1645170,The Dictator,345035,94677,tt1645170,76493.0
tt4925292,Lady Bird,344042,177615,tt4925292,391713.0
tt0399295,Lord of War,343964,36529,tt0399295,1830.0
tt3606756,Incredibles 2,343410,187541,tt3606756,260513.0
tt1951261,The Hangover Part III,342918,102686,tt1951261,109439.0
tt1638355,The Man from U.N.C.L.E.,342224,138036,tt1638355,203801.0
tt2322441,Fifty Shades of Grey,341896,125916,tt2322441,216015.0
tt0414387,Pride & Prejudice,341786,40629,tt0414387,4348.0
tt0119528,Liar Liar,341608,1485,tt0119528,1624.0
tt2771200,Beauty and the Beast,341348,168366,tt2771200,321612.0
tt5311514,Your Name.,341007,163134,tt5311514,372058.0
tt0031381,Gone with the Wind,340855,920,tt0031381,770.0
tt0970179,Hugo,340675,90866,tt0970179,44826.0
tt0413267,Shrek the Third,340545,53121,tt0413267,810.0
tt0105323,Scent of a Woman,339916,3252,tt0105323,9475.0
tt0332379,School of Rock,339703,6863,tt0332379,1584.0
tt0386588,Hitch,339546,31685,tt0386588,8488.0
tt0119008,Donnie Brasco,339392,1466,tt0119008,9366.0
tt0056592,To Kill a Mockingbird,339136,1207,tt0056592,595.0
tt7888964,Nobody,338911,241272,tt7888964,615457.0
tt0381849,3:10 to Yuma,338538,54997,tt0381849,5176.0
tt0472043,Apocalypto,338308,48304,tt0472043,1579.0
tt0094226,The Untouchables,337833,2194,tt0094226,117.0
tt4975722,Moonlight,337752,162414,tt4975722,376867.0
tt0190590,"O Brother, Where Art Thou?",337345,4027,tt0190590,134.0
tt1981677,Pitch Perfect,336699,96588,tt1981677,114150.0
tt2109248,Transformers: Age of Extinction,336688,112370,tt2109248,91314.0
tt0103776,Batman Returns,335448,1377,tt0103776,364.0
tt0103644,Alien³,335081,1320,tt0103644,8077.0
tt2004420,Neighbors,335059,111113,tt2004420,195589.0
tt0129387,There's Something About Mary,335002,1923,tt0129387,544.0
tt0944835,Salt,334528,79293,tt0944835,27576.0
tt0175880,Magnolia,334092,3160,tt0175880,334.0
tt0457939,The Holiday,333692,49286,tt0457939,1581.0
tt0109040,Ace Ventura: Pet Detective,333595,344,tt0109040,3049.0
tt0453467,Deja Vu,333320,49278,tt0453467,7551.0
tt2140479,The Accountant,332764,162606,tt2140479,302946.0
tt3682448,Bridge of Spies,332550,143385,tt3682448,296098.0
tt0399201,The Island,331865,34319,tt0399201,1635.0
tt0298203,8 Mile,331863,5810,tt0298203,65.0
tt0095327,Grave of the Fireflies,331590,5690,tt0095327,12477.0
tt1302011,Kung Fu Panda 2,331253,87222,tt1302011,49444.0
tt0119177,Gattaca,330715,1653,tt0119177,782.0
tt3110958,Now You See Me 2,330592,159093,tt3110958,291805.0
tt7991608,Red Notice,330572,261759,tt7991608,512195.0
tt0425210,Lucky Number Slevin,329816,44665,tt0425210,186.0
tt0120201,Starship Troopers,329655,1676,tt0120201,563.0
tt5726616,Call Me by Your Name,329537,168492,tt5726616,398818.0
tt1245526,RED,329355,81229,tt1245526,39514.0
tt0489099,Jumper,328317,58025,tt0489099,8247.0
tt5727208,Uncut Gems,328140,209965,tt5727208,473033.0
tt0212720,A.I. Artificial Intelligence,327996,4370,tt0212720,644.0
tt1197624,Law Abiding Citizen,327965,71838,tt1197624,22803.0
tt1397280,Taken 2,327547,96861,tt1397280,82675.0
tt0106977,The Fugitive,327100,457,tt0106977,5503.0
tt0293662,The Transporter,326512,5574,tt0293662,4108.0
tt0838283,Step Brothers,326309,60756,tt0838283,12133.0
tt1764651,The Expendables 2,326191,91485,tt1764651,76163.0
tt0320661,Kingdom of Heaven,325886,33162,tt0320661,1495.0
tt0118880,Con Air,325794,1552,tt0118880,1701.0
tt0120762,Mulan,325515,1907,tt0120762,10674.0
tt0278504,Insomnia,325357,5388,tt0278504,320.0
tt1790885,Zero Dark Thirty,325034,98961,tt1790885,97630.0
tt0119822,As Good as It Gets,324766,1784,tt0119822,2898.0
tt4034228,Manchester by the Sea,324507,165549,tt4034228,334541.0
tt1152836,Public Enemies,324486,69640,tt1152836,11322.0
tt2316204,Alien: Covenant,323495,169984,tt2316204,126889.0
tt1125849,The Wrestler,323332,64839,tt1125849,12163.0
tt4550098,Nocturnal Animals,323093,149334,tt4550098,340666.0
tt0056172,Lawrence of Arabia,323083,1204,tt0056172,947.0
tt1485796,The Greatest Showman,322994,180985,tt1485796,316029.0
tt0112384,Apollo 13,321878,150,tt0112384,568.0
tt0120623,A Bug's Life,321754,2355,tt0120623,9487.0
tt0449467,Babel,320933,46723,tt0449467,1164.0
tt1028532,Hachi: A Dog's Tale,320689,73290,tt1028532,28178.0
tt1253863,300: Rise of an Empire,320590,109673,tt1253863,53182.0
tt1598778,Contagion,320562,89470,tt1598778,39538.0
tt9114286,Black Panther: Wakanda Forever,320246,279414,tt9114286,505642.0
tt1028528,Death Proof,320179,53519,tt1028528,1991.0
tt1194173,The Bourne Legacy,319656,91535,tt1194173,49040.0
tt0319343,Elf,318988,6936,tt0319343,10719.0
tt0077651,Halloween,318928,1982,tt0077651,948.0
tt0814314,Seven Pounds,318666,64716,tt0814314,11321.0
tt1013752,Fast & Furious,318091,67923,tt1013752,13804.0
tt4263482,The Witch,318042,140267,tt4263482,310131.0
tt0265666,The Royal Tenenbaums,317930,4979,tt0265666,9428.0
tt3076658,Creed,316913,146656,tt3076658,312221.0
tt7349950,It Chapter Two,316166,204542,tt7349950,474350.0
tt4123430,Fantastic Beasts: The Crimes of Grindelwald,316082,135426,tt4123430,338952.0
tt2397535,Predestination,315764,114935,tt2397535,206487.0
tt14230458,Poor Things,315565,286783,tt14230458,792307.0
tt0808151,Angels & Demons,314225,68554,tt0808151,13448.0
tt1478338,Bridesmaids,314184,86833,tt1478338,55721.0
tt2277860,Finding Dory,313443,157296,tt2277860,127380.0
tt1091191,Lone Survivor,312089,107069,tt1091191,193756.0
tt4160708,Don't Breathe,311846,161634,tt4160708,300669.0
tt3065204,The Conjuring 2,311776,159858,tt3065204,259693.0
tt0120611,Blade,311278,2167,tt0120611,36647.0
tt3464902,The Lobster,310686,133771,tt3464902,254320.0
tt3450958,War for the Planet of the Apes,310178,173145,tt3450958,281338.0
tt0121164,Corpse Bride,308924,37729,tt0121164,3933.0
tt0379786,Serenity,308684,34405,tt0379786,16320.0
tt0077631,Grease,308647,1380,tt0077631,621.0
tt0473075,Prince of Persia: The Sands of Time,308636,78105,tt0473075,9543.0
tt0463985,The Fast and the Furious: Tokyo Drift,308545,46335,tt0463985,9615.0
tt0800039,Forgetting Sarah Marshall,307213,58998,tt0800039,9870.0
tt0120669,Fear and Loathing in Las Vegas,306885,1884,tt0120669,1878.0
tt0089218,The Goonies,306593,2005,tt0089218,9340.0
tt1735898,Snow White and the Huntsman,306478,94780,tt1735898,58595.0
tt0783233,Atonement,306418,55052,tt0783233,4347.0
tt9243946,El Camino,306075,205383,tt9243946,559969.0
tt1259571,The Twilight Saga: New Moon,305855,72407,tt1259571,18239.0
tt3263904,Sully,305621,160980,tt3263904,363676.0
tt0437086,Alita: Battle Angel,305043,197175,tt0437086,399579.0
tt3402236,Murder on the Orient Express,305021,177763,tt3402236,392044.0
tt0322259,2 Fast 2 Furious,304643,6383,tt0322259,584.0
tt1001526,Megamind,304220,81564,tt1001526,38055.0
tt0120812,Rush Hour,304047,2273,tt0120812,2109.0
tt0203009,Moulin Rouge!,303916,4308,tt0203009,824.0
tt1213663,The World's End,303162,103341,tt1213663,107985.0
tt0438097,Ice Age: The Meltdown,303160,44022,tt0438097,950.0
tt0258000,Panic Room,303041,5266,tt0258000,4547.0
tt0463854,28 Weeks Later,300927,53000,tt0463854,1562.0
tt0450385,1408,300810,53953,tt0450385,3021.0
tt0196229,Zoolander,300628,4816,tt0196229,9398.0
tt0112442,Bad Boys,300495,145,tt0112442,9737.0
tt2674426,Me Before You,300479,152017,tt2674426,296096.0
tt1343727,Dredd,300472,96737,tt1343727,49049.0
tt1192628,Rango,300437,84944,tt1192628,44896.0
tt0212985,Hannibal,300389,4148,tt0212985,9740.0
tt1133985,Green Lantern,300323,87430,tt1133985,44912.0
tt0187393,The Patriot,299980,3753,tt0187393,2024.0
tt0187078,Gone in 60 Seconds,299880,3717,tt0187078,9679.0
tt0170016,How the Grinch Stole Christmas,299620,3988,tt0170016,8871.0
tt0181875,Almost Famous,299513,3897,tt0181875,786.0
tt0118884,Contact,299279,1584,tt0118884,686.0
tt0107614,Mrs. Doubtfire,299276,500,tt0107614,788.0
tt0452623,Gone Baby Gone,298693,55290,tt0452623,4771.0
tt0289765,Red Dragon,298162,5630,tt0289765,9533.0
tt7349662,BlacKkKlansman,297666,189713,tt7349662,487558.0
tt7126948,Wonder Woman 1984,297615,222477,tt7126948,464052.0
tt8228288,The Platform,297615,206246,tt8228288,619264.0
tt6139732,Aladdin,297370,200540,tt6139732,420817.0
tt1340138,Terminator Genisys,297228,120799,tt1340138,87101.0
tt0097757,The Little Mermaid,297169,2081,tt0097757,10144.0
tt0099348,Dances with Wolves,297123,590,tt0099348,581.0
tt2302755,Olympus Has Fallen,297029,101362,tt2302755,117263.0
tt0175142,Scary Movie,296911,3785,tt0175142,4247.0
tt0185937,The Blair Witch Project,296662,2710,tt0185937,2667.0
tt3040964,The Jungle Book,296377,137857,tt3040964,278927.0
tt0800320,Clash of the Titans,296254,76175,tt0800320,18823.0
tt0104257,A Few Good Men,295969,2268,tt0104257,881.0
tt0381681,Before Sunset,295945,8638,tt0381681,80.0
tt1817273,The Place Beyond the Pines,295619,101525,tt1817273,97367.0
tt7975244,Jumanji: The Next Level,295569,207233,tt7975244,512200.0
tt0120804,Resident Evil,295260,5219,tt0120804,1576.0
tt0151804,Office Space,294829,2502,tt0151804,1542.0
tt1386588,The Other Guys,294709,79592,tt1386588,27581.0
tt8332922,A Quiet Place Part II,294679,213347,tt8332922,520763.0
tt0348150,Superman Returns,293935,46530,tt0348150,1452.0
tt0061722,The Graduate,293434,1247,tt0061722,37247.0
tt0116695,Jerry Maguire,293333,1393,tt0116695,9390.0
tt0338526,Van Helsing,293149,7454,tt0338526,7131.0
tt0095765,Cinema Paradiso,292771,1172,tt0095765,11216.0
tt1650554,Kick-Ass 2,292658,104241,tt1650554,59859.0
tt1922777,Sinister,292637,97188,tt1922777,82507.0
tt0290002,Meet the Fockers,291918,30825,tt0290002,693.0
tt0183649,Phone Booth,291131,6281,tt0183649,1817.0
tt0837562,Hotel Transylvania,290922,97225,tt0837562,76492.0
tt0411477,Hellboy II: The Golden Army,290911,57640,tt0411477,11253.0
tt0093870,RoboCop,290842,2985,tt0093870,5548.0
tt0259711,Vanilla Sky,290621,4975,tt0259711,1903.0
tt1979376,Toy Story 4,290550,201588,tt1979376,301528.0
tt0320691,Underworld,290541,6754,tt0320691,277.0
tt0401729,John Carter,290369,93363,tt0401729,49529.0
tt0195714,Final Destination,290337,3409,tt0195714,9532.0
tt10954984,Nope,289586,275245,tt10954984,762504.0
tt0257044,Road to Perdition,289546,5464,tt0257044,4147.0
tt0053291,Some Like It Hot,289446,910,tt0053291,239.0
tt5362988,Wind River,289416,175569,tt5362988,395834.0
tt0486655,Stardust,289275,54259,tt0486655,2270.0
tt10838180,The Matrix Resurrections,288232,263009,tt10838180,624860.0
tt0955308,Robin Hood,287908,77866,tt0955308,20662.0
tt0118749,Boogie Nights,287654,1673,tt0118749,4995.0
tt1375670,Grown Ups,287564,79134,tt1375670,38365.0
tt0111503,True Lies,287477,380,tt0111503,36955.0
tt4046784,Maze Runner: The Scorch Trials,286424,117895,tt4046784,294254.0
tt6823368,Glass,286233,196889,tt6823368,450465.0
tt2361509,The Intern,285868,140110,tt2361509,257211.0
tt0070735,The Sting,285644,1234,tt0070735,9277.0
tt0803096,Warcraft,285478,122890,tt0803096,68735.0
tt1077368,Dark Shadows,285321,94478,tt1077368,62213.0
tt0251127,How to Lose a Guy in 10 Days,285279,6155,tt0251127,9919.0
tt0190332,"Crouching Tiger, Hidden Dragon",285240,3996,tt0190332,146.0
tt6443346,Black Adam,284915,278312,tt6443346,436270.0
tt0368447,The Village,284820,8783,tt0368447,6947.0
tt0795421,Mamma Mia!,284310,60397,tt0795421,11631.0
tt0432348,Saw II,283778,39446,tt0432348,215.0
tt0083944,First Blood,283579,2403,tt0083944,1368.0
tt0286716,Hulk,282777,6534,tt0286716,1927.0
tt0486576,Fantastic Four: Rise of the Silver Surfer,282574,53464,tt0486576,1979.0
tt0093409,Lethal Weapon,282512,2000,tt0093409,941.0
tt0059578,For a Few Dollars More,282402,3681,tt0059578,938.0
tt0215750,Enemy at the Gates,282200,4223,tt0215750,853.0
tt2381941,Focus,282004,129354,tt2381941,256591.0
tt0075686,Annie Hall,281657,1230,tt0075686,703.0
tt3235888,It Follows,281134,121231,tt3235888,270303.0
tt2024469,Non-Stop,279765,109578,tt2024469,225574.0
tt0432283,Fantastic Mr. Fox,279546,72226,tt0432283,10315.0
tt0221027,Blow,279221,4239,tt0221027,4133.0
tt0102057,Hook,278618,3489,tt0102057,879.0
tt0072890,Dog Day Afternoon,278409,3362,tt0072890,968.0
tt0363547,Dawn of the Dead,278218,7360,tt0363547,924.0
tt1931533,Seven Psychopaths,278064,97306,tt1931533,86838.0
tt0327597,Coraline,277899,66097,tt0327597,14836.0
tt0172156,Bad Boys II,277419,6548,tt0172156,8961.0
tt0118583,Alien Resurrection,277201,1690,tt0118583,8078.0
tt7097896,Venom: Let There Be Carnage,276504,255337,tt7097896,580489.0
tt0443272,Lincoln,276175,98154,tt0443272,72976.0
tt1855199,End of Watch,275361,96811,tt1855199,77016.0
tt0252866,American Pie 2,275079,4718,tt0252866,2770.0
tt1385826,The Adjustment Bureau,275037,84954,tt1385826,38050.0
tt3228774,Cruella,275008,249540,tt3228774,337404.0
tt0113189,GoldenEye,274857,10,tt0113189,710.0
tt1823672,Chappie,274621,120466,tt1823672,198184.0
tt0309698,Identity,274602,6323,tt0309698,2832.0
tt2953050,Encanto,274158,260667,tt2953050,568124.0
tt6105098,The Lion King,273784,203222,tt6105098,420818.0
tt0119643,Meet Joe Black,273405,2340,tt0119643,297.0
tt0087800,A Nightmare on Elm Street,273242,1347,tt0087800,377.0
tt5700672,Train to Busan,272877,162082,tt5700672,396535.0
tt1564367,Just Go with It,272839,85367,tt1564367,50546.0
tt0118688,Batman & Robin,272771,1562,tt0118688,415.0
tt0448134,Sunshine,272770,52328,tt0448134,1272.0
tt0364725,Dodgeball: A True Underdog Story,272730,8528,tt0364725,9472.0
tt0497465,Vicky Cristina Barcelona,272392,60950,tt0497465,5038.0
tt8936646,Extraction,272302,214776,tt8936646,545609.0
tt1464335,Uncharted,272151,198151,tt1464335,335787.0
tt1401152,Unknown,271603,84601,tt1401152,48138.0
tt0082096,Das Boot,271585,1233,tt0082096,387.0
tt0429493,The A-Team,271475,78469,tt0429493,34544.0
tt0112462,Batman Forever,271252,153,tt0112462,414.0
tt1080016,Ice Age: Dawn of the Dinosaurs,271091,69644,tt1080016,8355.0
tt1092026,Paul,270869,84772,tt1092026,39513.0
tt9603212,Mission: Impossible - Dead Reckoning Part One,270622,288265,tt9603212,575264.0
tt7713068,Birds of Prey,270492,210569,tt7713068,495764.0
tt0358273,Walk the Line,270425,40819,tt0358273,69.0
tt0478087,21,270404,58803,tt0478087,8065.0
tt0243155,Bridget Jones's Diary,269909,4246,tt0243155,634.0
tt0396171,Perfume: The Story of a Murderer,269866,48997,tt0396171,1427.0
tt1959490,Noah,269722,110127,tt1959490,86834.0
tt1386703,Total Recall,269670,95875,tt1386703,64635.0
tt2005151,War Dogs,269443,161131,tt2005151,308266.0
tt7984734,The Lighthouse,269218,201340,tt7984734,503919.0
tt0059742,The Sound of Music,268698,1035,tt0059742,15121.0
tt11813216,The Banshees of Inisherin,268676,278446,tt11813216,674324.0
tt0824747,Changeling,268505,63062,tt0824747,3580.0
tt0080339,Airplane!,268464,2791,tt0080339,813.0
tt1032755,RocknRolla,268320,62849,tt1032755,13809.0
tt0479884,Crank,268189,47200,tt0479884,1948.0
tt2293640,Minions,268152,135887,tt2293640,211672.0
tt1673434,The Twilight Saga: Breaking Dawn - Part 2,267961,98203,tt1673434,50620.0
tt1706593,Chronicle,267782,92420,tt1706593,76726.0
tt0045152,Singin' in the Rain,267577,899,tt0045152,872.0
tt5537002,Killers of the Flower Moon,267025,266002,tt5537002,466420.0
tt0027977,Modern Times,267021,3462,tt0027977,3082.0
tt0765443,Eastern Promises,267021,55118,tt0765443,2252.0
tt1601913,The Grey,266686,91976,tt1601913,75174.0
tt0844471,Cloudy with a Chance of Meatballs,266365,71264,tt0844471,22794.0
tt1325004,The Twilight Saga: Eclipse,266303,78772,tt1325004,24021.0
tt2935510,Ad Astra,266228,204352,tt2935510,419704.0
tt4846340,Hidden Figures,266225,166643,tt4846340,381284.0
tt11138512,The Northman,265897,244178,tt11138512,639933.0
tt1051906,The Invisible Man,265153,212461,tt1051906,570670.0
tt0976051,The Reader,265098,64622,tt0976051,8055.0
tt1832382,A Separation,265009,89759,tt1832382,60243.0
tt0080678,The Elephant Man,264984,2313,tt0080678,1955.0
tt1798684,Southpaw,264358,139642,tt1798684,307081.0
tt0092890,Dirty Dancing,264316,1088,tt0092890,88.0
tt0057115,The Great Escape,264227,1262,tt0057115,5925.0
tt0825232,The Bucket List,263975,56587,tt0825232,7350.0
tt0120660,Enemy of the State,263787,2353,tt0120660,9798.0
tt0985699,Valkyrie,263758,64983,tt0985699,2253.0
tt0107818,Philadelphia,263173,508,tt0107818,9800.0
tt3079380,Spy,262903,134368,tt3079380,238713.0
tt0486822,Disturbia,262759,52458,tt0486822,8271.0
tt2126355,San Andreas,262716,132796,tt2126355,254128.0
tt0118655,Austin Powers: International Man of Mystery,262557,1517,tt0118655,816.0
tt5442430,Life,262526,169864,tt5442430,395992.0
tt0119282,Hercules,262450,1566,tt0119282,11970.0
tt2660888,Star Trek Beyond,262306,135569,tt2660888,188927.0
tt1179904,Paranormal Activity,262094,71379,tt1179904,23827.0
tt1211956,Escape Plan,262040,105653,tt1211956,107846.0
tt1016150,All Quiet on the Western Front,261689,278578,tt1016150,49046.0
tt2704998,Game Night,261392,183611,tt2704998,445571.0
tt1440129,Battleship,260920,94018,tt1440129,44833.0
tt1148204,Orphan,260745,70159,tt1148204,21208.0
tt2908446,The Divergent Series: Insurgent,260613,130490,tt2908446,262500.0
tt1243957,The Tourist,260217,82202,tt1243957,37710.0
tt4630562,The Fate of the Furious,259940,170875,tt4630562,337339.0
tt0399146,A History of Violence,259900,37733,tt0399146,59.0
tt0898367,The Road,259573,63072,tt0898367,20766.0
tt2582782,Hell or High Water,259494,161582,tt2582782,338766.0
tt1324999,The Twilight Saga: Breaking Dawn - Part 1,259294,91104,tt1324999,50619.0
tt1189340,The Lincoln Lawyer,258855,84392,tt1189340,50348.0
tt0108550,What's Eating Gilbert Grape,258788,337,tt0108550,1587.0
tt0250494,Legally Blonde,258706,4447,tt0250494,8835.0
tt0052618,Ben-Hur,258666,1287,tt0052618,665.0
tt0465234,National Treasure: Book of Secrets,258579,56775,tt0465234,6637.0
tt0163978,The Beach,258209,3285,tt0163978,1907.0
tt1731141,Ender's Game,257976,106002,tt1731141,80274.0
tt3281548,Little Women,257825,209315,tt3281548,331482.0
tt0259324,Ghost Rider,257496,51077,tt0259324,1250.0
tt0245712,Amores Perros,257268,4235,tt0245712,55.0
tt0116483,Happy Gilmore,257195,104,tt0116483,9614.0
tt0110632,Natural Born Killers,256846,288,tt0110632,241.0
tt0134119,The Talented Mr. Ripley,256789,3176,tt0134119,1213.0
tt0134847,Pitch Black,256786,3300,tt0134847,2787.0
tt1212450,Lawless,256674,96432,tt1212450,82633.0
tt0112697,Clueless,256148,39,tt0112697,9603.0
tt5109784,Mother!,256033,176419,tt5109784,381283.0
tt3741834,Lion,256012,165551,tt3741834,334543.0
tt1436562,Rio,255999,86298,tt1436562,46195.0
tt0087363,Gremlins,255714,2003,tt0087363,927.0
tt0183505,"Me, Myself & Irene",255631,3752,tt0183505,2123.0
tt0435625,The Descent,255510,40732,tt0435625,9392.0
tt0978764,Sucker Punch,255313,85510,tt0978764,23629.0
tt0914798,The Boy in the Striped Pajamas,255061,64034,tt0914798,14574.0
tt0335345,The Passion of the Christ,254851,7318,tt0335345,615.0
tt1033575,The Descendants,254608,91077,tt1033575,65057.0
tt0479952,Madagascar: Escape 2 Africa,254591,62999,tt0479952,10527.0
tt6718170,The Super Mario Bros. Movie,254548,286131,tt6718170,502356.0
tt0120855,Tarzan,254357,2687,tt0120855,37135.0
tt0144117,The Boondock Saints,254132,3275,tt0144117,8374.0
tt0117381,Primal Fear,253913,628,tt0117381,1592.0
tt0145660,Austin Powers: The Spy Who Shagged Me,253500,2683,tt0145660,817.0
tt0087538,The Karate Kid,252888,2420,tt0087538,1885.0
tt0123755,Cube,252565,2232,tt0123755,431.0
tt1959563,The Hitman's Bodyguard,252496,175661,tt1959563,390043.0
tt0448011,Knowing,252460,67197,tt0448011,13811.0
tt5034838,Godzilla vs. Kong,251948,242894,tt5034838,399566.0
tt0414993,The Fountain,251317,48043,tt0414993,1381.0
tt1649419,The Impossible,251259,99145,tt1649419,80278.0
tt1289401,Ghostbusters,251112,160080,tt1289401,43074.0
tt1655442,The Artist,250676,89904,tt1655442,74643.0
tt1649418,The Gray Man,250611,275467,tt1649418,725201.0
tt0384537,Silent Hill,249728,45081,tt0384537,588.0
tt2229499,Don Jon,249715,105213,tt2229499,138697.0
tt0098635,When Harry Met Sally...,249662,1307,tt0098635,639.0
tt0485947,Mr. Nobody,249488,79357,tt0485947,31011.0
tt1424381,Predators,249452,79057,tt1424381,34851.0
tt0116996,Mars Attacks!,249183,1391,tt0116996,75.0
tt0338348,The Polar Express,249088,8965,tt0338348,5255.0
tt5580036,"I, Tonya",249013,178061,tt5580036,389015.0
tt0117509,Romeo + Juliet,248920,1059,tt0117509,454.0
tt1464540,I Am Number Four,248562,85056,tt1464540,46529.0
tt0462499,Rambo,248446,57528,tt0462499,7555.0
tt0315733,21 Grams,248432,6953,tt0315733,470.0
tt5164214,Ocean's Eight,248213,189363,tt5164214,402900.0
tt0103874,Bram Stoker's Dracula,248202,1339,tt0103874,6114.0
tt0108399,True Romance,247871,555,tt0108399,319.0
tt2184339,The Purge,247720,103075,tt2184339,158015.0
tt0302886,Old School,247669,6188,tt0302886,11635.0
tt1411238,No Strings Attached,247488,84374,tt1411238,41630.0
tt0299658,Chicago,247409,5991,tt0299658,1574.0
tt1588173,Warm Bodies,247346,99007,tt1588173,82654.0
tt2906216,Dungeons & Dragons: Honor Among Thieves,247268,285301,tt2906216,493529.0
tt4196776,Jason Bourne,247074,160438,tt4196776,324668.0
tt1210819,The Lone Ranger,247058,103384,tt1210819,57201.0
tt0983193,The Adventures of Tintin,246766,90746,tt0983193,17578.0
tt0265208,The Girl Next Door,246620,7346,tt0265208,10591.0
tt0094737,Big,246266,2797,tt0094737,2280.0
tt0296572,The Chronicles of Riddick,245674,8371,tt0296572,2789.0
tt0266915,Rush Hour 2,245306,4701,tt0266915,5175.0
tt3704428,Elvis,244888,275243,tt3704428,614934.0
tt0100157,Misery,244561,3499,tt0100157,1700.0
tt0063522,Rosemary's Baby,244318,2160,tt0063522,805.0
tt0430922,Role Models,243982,63131,tt0430922,15373.0
tt0032553,The Great Dictator,243935,1281,tt0032553,914.0
tt0408306,Munich,243745,41997,tt0408306,612.0
tt0043014,Sunset Boulevard,243650,922,tt0043014,599.0
tt0374900,Napoleon Dynamite,243621,8376,tt0374900,8193.0
tt6806448,Fast & Furious Presents: Hobbs & Shaw,243313,203519,tt6806448,384018.0
tt0311113,Master and Commander: The Far Side of the World,243138,6947,tt0311113,8619.0
tt5083738,The Favourite,242953,183837,tt5083738,375262.0
tt0758774,Body of Lies,242812,62374,tt0758774,12113.0
tt0099653,Ghost,242635,587,tt0099653,251.0
tt1234721,RoboCop,242353,108945,tt1234721,97020.0
tt0083987,Gandhi,242172,1293,tt0083987,783.0
tt0117665,Sleepers,242142,1061,tt0117665,819.0
tt10954600,Ant-Man and the Wasp: Quantumania,242051,282125,tt10954600,640146.0
tt1599348,Safe House,241838,92507,tt1599348,59961.0
tt2637276,Ted 2,241409,135861,tt2637276,214756.0
tt2209764,Transcendence,241162,110730,tt2209764,157353.0
tt0187738,Blade II,241104,5254,tt0187738,36586.0
tt0376541,Closer,240896,8981,tt0376541,2288.0
tt2463208,The Adam Project,240858,270696,tt2463208,696806.0
tt2334879,White House Down,240574,103339,tt2334879,117251.0
tt11866324,Prey,240564,276929,tt11866324,766507.0
tt0373469,Kiss Kiss Bang Bang,240537,38061,tt0373469,5236.0
tt1636826,Project X,240372,93270,tt1636826,57214.0
tt3553976,Captain Fantastic,240357,158966,tt3553976,334533.0
tt0117998,Twister,239653,736,tt0117998,664.0
tt0142342,Big Daddy,239550,2694,tt0142342,9032.0
tt0083907,The Evil Dead,239338,4105,tt0083907,764.0
tt0058461,A Fistful of Dollars,239209,2951,tt0058461,391.0
tt0420223,Stranger Than Fiction,238780,46976,tt0420223,1262.0
tt0112281,Ace Ventura: When Nature Calls,238454,19,tt0112281,9273.0
tt0050212,The Bridge on the River Kwai,238210,1250,tt0050212,826.0
tt2883512,Chef,238190,111443,tt2883512,212778.0
